Registro_ANS;Razao_Social;CNPJ;UF;Modalidade
360783;OPERADORA TESTE 1 LTDA;00.000.000/1000-00;MG;Cooperativa Médica
356581;OPERADORA TESTE 2 LTDA;00.000.000/1001-00;RJ;Cooperativa Médica
357391;OPERADORA TESTE 3 LTDA;00.000.000/1002-00;RS;Cooperativa Médica
357511;OPERADORA TESTE 4 LTDA;00.000.000/1003-00;MG;Cooperativa Médica
358053;OPERADORA TESTE 5 LTDA;00.000.000/1004-00;PE;Cooperativa Médica
358096;OPERADORA TESTE 6 LTDA;00.000.000/1005-00;RS;Cooperativa Médica
359017;OPERADORA TESTE 7 LTDA;00.000.000/1006-00;BA;Cooperativa Médica
359289;OPERADORA TESTE 8 LTDA;00.000.000/1007-00;SP;Cooperativa Médica
361569;OPERADORA TESTE 9 LTDA;00.000.000/1008-00;SP;Cooperativa Médica
356417;OPERADORA TESTE 10 LTDA;00.000.000/1009-00;RS;Cooperativa Médica
358436;OPERADORA TESTE 11 LTDA;00.000.000/1010-00;SC;Cooperativa Médica
359777;OPERADORA TESTE 12 LTDA;00.000.000/1011-00;SP;Cooperativa Médica
360449;OPERADORA TESTE 13 LTDA;00.000.000/1012-00;MG;Cooperativa Médica
355721;OPERADORA TESTE 14 LTDA;00.000.000/1013-00;RJ;Cooperativa Médica
357138;OPERADORA TESTE 15 LTDA;00.000.000/1014-00;RJ;Cooperativa Médica
361011;OPERADORA TESTE 16 LTDA;00.000.000/1015-00;RJ;Cooperativa Médica
361593;OPERADORA TESTE 17 LTDA;00.000.000/1016-00;PE;Cooperativa Médica
357669;OPERADORA TESTE 18 LTDA;00.000.000/1017-00;SC;Cooperativa Médica
358509;OPERADORA TESTE 19 LTDA;00.000.000/1018-00;RS;Cooperativa Médica
358088;OPERADORA TESTE 20 LTDA;00.000.000/1019-00;MG;Cooperativa Médica
358282;OPERADORA TESTE 21 LTDA;00.000.000/1020-00;RJ;Cooperativa Médica
359033;OPERADORA TESTE 22 LTDA;00.000.000/1021-00;PE;Cooperativa Médica
361615;OPERADORA TESTE 23 LTDA;00.000.000/1022-00;RS;Cooperativa Médica
357715;OPERADORA TESTE 24 LTDA;00.000.000/1023-00;SC;Cooperativa Médica
360244;OPERADORA TESTE 25 LTDA;00.000.000/1024-00;PR;Cooperativa Médica
357022;OPERADORA TESTE 26 LTDA;00.000.000/1025-00;SC;Cooperativa Médica
357260;OPERADORA TESTE 27 LTDA;00.000.000/1026-00;RS;Cooperativa Médica
358754;OPERADORA TESTE 28 LTDA;00.000.000/1027-00;BA;Cooperativa Médica
359661;OPERADORA TESTE 29 LTDA;00.000.000/1028-00;PR;Cooperativa Médica
361038;OPERADORA TESTE 30 LTDA;00.000.000/1029-00;RS;Cooperativa Médica
361461;OPERADORA TESTE 31 LTDA;00.000.000/1030-00;BA;Cooperativa Médica
356123;OPERADORA TESTE 32 LTDA;00.000.000/1031-00;MG;Cooperativa Médica
355691;OPERADORA TESTE 33 LTDA;00.000.000/1032-00;MG;Cooperativa Médica
356476;OPERADORA TESTE 34 LTDA;00.000.000/1033-00;BA;Cooperativa Médica
358339;OPERADORA TESTE 35 LTDA;00.000.000/1034-00;RJ;Cooperativa Médica
359122;OPERADORA TESTE 36 LTDA;00.000.000/1035-00;PE;Cooperativa Médica
360414;OPERADORA TESTE 37 LTDA;00.000.000/1036-00;PR;Cooperativa Médica
357910;OPERADORA TESTE 38 LTDA;00.000.000/1037-00;MG;Cooperativa Médica
300136;OPERADORA TESTE 39 LTDA;00.000.000/1038-00;SC;Cooperativa Médica
477;OPERADORA TESTE 40 LTDA;00.000.000/1039-00;RJ;Cooperativa Médica
300713;OPERADORA TESTE 41 LTDA;00.000.000/1040-00;MG;Cooperativa Médica
515;OPERADORA TESTE 42 LTDA;00.000.000/1041-00;BA;Cooperativa Médica
582;OPERADORA TESTE 43 LTDA;00.000.000/1042-00;SP;Cooperativa Médica
312720;OPERADORA TESTE 44 LTDA;00.000.000/1043-00;BA;Cooperativa Médica
313084;OPERADORA TESTE 45 LTDA;00.000.000/1044-00;RJ;Cooperativa Médica
306398;OPERADORA TESTE 46 LTDA;00.000.000/1045-00;BA;Cooperativa Médica
307751;OPERADORA TESTE 47 LTDA;00.000.000/1046-00;PR;Cooperativa Médica
309087;OPERADORA TESTE 48 LTDA;00.000.000/1047-00;PE;Cooperativa Médica
309524;OPERADORA TESTE 49 LTDA;00.000.000/1048-00;PR;Cooperativa Médica
311359;OPERADORA TESTE 50 LTDA;00.000.000/1049-00;SC;Cooperativa Médica
311472;OPERADORA TESTE 51 LTDA;00.000.000/1050-00;BA;Cooperativa Médica
311715;OPERADORA TESTE 52 LTDA;00.000.000/1051-00;PR;Cooperativa Médica
311944;OPERADORA TESTE 53 LTDA;00.000.000/1052-00;PE;Cooperativa Médica
312126;OPERADORA TESTE 54 LTDA;00.000.000/1053-00;BA;Cooperativa Médica
306886;OPERADORA TESTE 55 LTDA;00.000.000/1054-00;SC;Cooperativa Médica
308811;OPERADORA TESTE 56 LTDA;00.000.000/1055-00;PE;Cooperativa Médica
310239;OPERADORA TESTE 57 LTDA;00.000.000/1056-00;PE;Cooperativa Médica
312592;OPERADORA TESTE 58 LTDA;00.000.000/1057-00;PE;Cooperativa Médica
309907;OPERADORA TESTE 59 LTDA;00.000.000/1058-00;BA;Cooperativa Médica
310247;OPERADORA TESTE 60 LTDA;00.000.000/1059-00;SC;Cooperativa Médica
311057;OPERADORA TESTE 61 LTDA;00.000.000/1060-00;PR;Cooperativa Médica
309222;OPERADORA TESTE 62 LTDA;00.000.000/1061-00;RS;Cooperativa Médica
312282;OPERADORA TESTE 63 LTDA;00.000.000/1062-00;PE;Cooperativa Médica
306754;OPERADORA TESTE 64 LTDA;00.000.000/1063-00;SC;Cooperativa Médica
311146;OPERADORA TESTE 65 LTDA;00.000.000/1064-00;BA;Cooperativa Médica
312851;OPERADORA TESTE 66 LTDA;00.000.000/1065-00;PR;Cooperativa Médica
313149;OPERADORA TESTE 67 LTDA;00.000.000/1066-00;PE;Cooperativa Médica
311375;OPERADORA TESTE 68 LTDA;00.000.000/1067-00;SP;Cooperativa Médica
306762;OPERADORA TESTE 69 LTDA;00.000.000/1068-00;SP;Cooperativa Médica
311618;OPERADORA TESTE 70 LTDA;00.000.000/1069-00;PE;Cooperativa Médica
311847;OPERADORA TESTE 71 LTDA;00.000.000/1070-00;RJ;Cooperativa Médica
311961;OPERADORA TESTE 72 LTDA;00.000.000/1071-00;SP;Cooperativa Médica
369411;OPERADORA TESTE 73 LTDA;00.000.000/1072-00;RS;Cooperativa Médica
370070;OPERADORA TESTE 74 LTDA;00.000.000/1073-00;RS;Cooperativa Médica
370568;OPERADORA TESTE 75 LTDA;00.000.000/1074-00;MG;Cooperativa Médica
361941;OPERADORA TESTE 76 LTDA;00.000.000/1075-00;PE;Cooperativa Médica
362832;OPERADORA TESTE 77 LTDA;00.000.000/1076-00;SP;Cooperativa Médica
363286;OPERADORA TESTE 78 LTDA;00.000.000/1077-00;SC;Cooperativa Médica
363855;OPERADORA TESTE 79 LTDA;00.000.000/1078-00;PR;Cooperativa Médica
364860;OPERADORA TESTE 80 LTDA;00.000.000/1079-00;PE;Cooperativa Médica
365530;OPERADORA TESTE 81 LTDA;00.000.000/1080-00;SP;Cooperativa Médica
365785;OPERADORA TESTE 82 LTDA;00.000.000/1081-00;PR;Cooperativa Médica
367397;OPERADORA TESTE 83 LTDA;00.000.000/1082-00;PR;Cooperativa Médica
369233;OPERADORA TESTE 84 LTDA;00.000.000/1083-00;RS;Cooperativa Médica
367087;OPERADORA TESTE 85 LTDA;00.000.000/1084-00;SC;Cooperativa Médica
367613;OPERADORA TESTE 86 LTDA;00.000.000/1085-00;SP;Cooperativa Médica
368253;OPERADORA TESTE 87 LTDA;00.000.000/1086-00;RJ;Cooperativa Médica
370592;OPERADORA TESTE 88 LTDA;00.000.000/1087-00;RS;Cooperativa Médica
364070;OPERADORA TESTE 89 LTDA;00.000.000/1088-00;PR;Cooperativa Médica
364584;OPERADORA TESTE 90 LTDA;00.000.000/1089-00;SP;Cooperativa Médica
366439;OPERADORA TESTE 91 LTDA;00.000.000/1090-00;MG;Cooperativa Médica
369292;OPERADORA TESTE 92 LTDA;00.000.000/1091-00;PE;Cooperativa Médica
366064;OPERADORA TESTE 93 LTDA;00.000.000/1092-00;RS;Cooperativa Médica
369659;OPERADORA TESTE 94 LTDA;00.000.000/1093-00;SP;Cooperativa Médica
370681;OPERADORA TESTE 95 LTDA;00.000.000/1094-00;RJ;Cooperativa Médica
362140;OPERADORA TESTE 96 LTDA;00.000.000/1095-00;RJ;Cooperativa Médica
363391;OPERADORA TESTE 97 LTDA;00.000.000/1096-00;MG;Cooperativa Médica
368555;OPERADORA TESTE 98 LTDA;00.000.000/1097-00;PE;Cooperativa Médica
365645;OPERADORA TESTE 99 LTDA;00.000.000/1098-00;SC;Cooperativa Médica
366561;OPERADORA TESTE 100 LTDA;00.000.000/1099-00;SP;Cooperativa Médica
368148;OPERADORA TESTE 101 LTDA;00.000.000/1100-00;MG;Cooperativa Médica
363171;OPERADORA TESTE 102 LTDA;00.000.000/1101-00;MG;Cooperativa Médica
370088;OPERADORA TESTE 103 LTDA;00.000.000/1102-00;PR;Cooperativa Médica
362573;OPERADORA TESTE 104 LTDA;00.000.000/1103-00;PE;Cooperativa Médica
363766;OPERADORA TESTE 105 LTDA;00.000.000/1104-00;SC;Cooperativa Médica
364312;OPERADORA TESTE 106 LTDA;00.000.000/1105-00;RS;Cooperativa Médica
365238;OPERADORA TESTE 107 LTDA;00.000.000/1106-00;RS;Cooperativa Médica
365777;OPERADORA TESTE 108 LTDA;00.000.000/1107-00;SP;Cooperativa Médica
367095;OPERADORA TESTE 109 LTDA;00.000.000/1108-00;SP;Cooperativa Médica
368920;OPERADORA TESTE 110 LTDA;00.000.000/1109-00;SC;Cooperativa Médica
363189;OPERADORA TESTE 111 LTDA;00.000.000/1110-00;BA;Cooperativa Médica
364592;OPERADORA TESTE 112 LTDA;00.000.000/1111-00;PE;Cooperativa Médica
366340;OPERADORA TESTE 113 LTDA;00.000.000/1112-00;PR;Cooperativa Médica
415081;OPERADORA TESTE 114 LTDA;00.000.000/1113-00;SP;Cooperativa Médica
415111;OPERADORA TESTE 115 LTDA;00.000.000/1114-00;RS;Cooperativa Médica
415626;OPERADORA TESTE 116 LTDA;00.000.000/1115-00;SC;Cooperativa Médica
411256;OPERADORA TESTE 117 LTDA;00.000.000/1116-00;BA;Cooperativa Médica
411752;OPERADORA TESTE 118 LTDA;00.000.000/1117-00;SC;Cooperativa Médica
412996;OPERADORA TESTE 119 LTDA;00.000.000/1118-00;MG;Cooperativa Médica
413194;OPERADORA TESTE 120 LTDA;00.000.000/1119-00;BA;Cooperativa Médica
413283;OPERADORA TESTE 121 LTDA;00.000.000/1120-00;PR;Cooperativa Médica
413330;OPERADORA TESTE 122 LTDA;00.000.000/1121-00;SP;Cooperativa Médica
413721;OPERADORA TESTE 123 LTDA;00.000.000/1122-00;SC;Cooperativa Médica
414492;OPERADORA TESTE 124 LTDA;00.000.000/1123-00;RJ;Cooperativa Médica
414662;OPERADORA TESTE 125 LTDA;00.000.000/1124-00;BA;Cooperativa Médica
414905;OPERADORA TESTE 126 LTDA;00.000.000/1125-00;BA;Cooperativa Médica
415693;OPERADORA TESTE 127 LTDA;00.000.000/1126-00;RS;Cooperativa Médica
411809;OPERADORA TESTE 128 LTDA;00.000.000/1127-00;SP;Cooperativa Médica
413160;OPERADORA TESTE 129 LTDA;00.000.000/1128-00;MG;Cooperativa Médica
414212;OPERADORA TESTE 130 LTDA;00.000.000/1129-00;PR;Cooperativa Médica
414654;OPERADORA TESTE 131 LTDA;00.000.000/1130-00;MG;Cooperativa Médica
415774;OPERADORA TESTE 132 LTDA;00.000.000/1131-00;MG;Cooperativa Médica
412252;OPERADORA TESTE 133 LTDA;00.000.000/1132-00;RJ;Cooperativa Médica
413372;OPERADORA TESTE 134 LTDA;00.000.000/1133-00;SP;Cooperativa Médica
414930;OPERADORA TESTE 135 LTDA;00.000.000/1134-00;PE;Cooperativa Médica
410888;OPERADORA TESTE 136 LTDA;00.000.000/1135-00;RS;Cooperativa Médica
411868;OPERADORA TESTE 137 LTDA;00.000.000/1136-00;SP;Cooperativa Médica
413747;OPERADORA TESTE 138 LTDA;00.000.000/1137-00;PR;Cooperativa Médica
413267;OPERADORA TESTE 139 LTDA;00.000.000/1138-00;BA;Cooperativa Médica
414310;OPERADORA TESTE 140 LTDA;00.000.000/1139-00;MG;Cooperativa Médica
412295;OPERADORA TESTE 141 LTDA;00.000.000/1140-00;RS;Cooperativa Médica
413429;OPERADORA TESTE 142 LTDA;00.000.000/1141-00;BA;Cooperativa Médica
414026;OPERADORA TESTE 143 LTDA;00.000.000/1142-00;MG;Cooperativa Médica
415014;OPERADORA TESTE 144 LTDA;00.000.000/1143-00;PE;Cooperativa Médica
415243;OPERADORA TESTE 145 LTDA;00.000.000/1144-00;SP;Cooperativa Médica
412015;OPERADORA TESTE 146 LTDA;00.000.000/1145-00;RS;Cooperativa Médica
413518;OPERADORA TESTE 147 LTDA;00.000.000/1146-00;SC;Cooperativa Médica
411248;OPERADORA TESTE 148 LTDA;00.000.000/1147-00;RS;Cooperativa Médica
412635;OPERADORA TESTE 149 LTDA;00.000.000/1148-00;RJ;Cooperativa Médica
414131;OPERADORA TESTE 150 LTDA;00.000.000/1149-00;PR;Cooperativa Médica
414573;OPERADORA TESTE 151 LTDA;00.000.000/1150-00;SC;Cooperativa Médica
414689;OPERADORA TESTE 152 LTDA;00.000.000/1151-00;PR;Cooperativa Médica
411582;OPERADORA TESTE 153 LTDA;00.000.000/1152-00;MG;Cooperativa Médica
412058;OPERADORA TESTE 154 LTDA;00.000.000/1153-00;SC;Cooperativa Médica
414352;OPERADORA TESTE 155 LTDA;00.000.000/1154-00;MG;Cooperativa Médica
413534;OPERADORA TESTE 156 LTDA;00.000.000/1155-00;RJ;Cooperativa Médica
412759;OPERADORA TESTE 157 LTDA;00.000.000/1156-00;RS;Cooperativa Médica
413291;OPERADORA TESTE 158 LTDA;00.000.000/1157-00;MG;Cooperativa Médica
414581;OPERADORA TESTE 159 LTDA;00.000.000/1158-00;PE;Cooperativa Médica
414701;OPERADORA TESTE 160 LTDA;00.000.000/1159-00;PR;Cooperativa Médica
415065;OPERADORA TESTE 161 LTDA;00.000.000/1160-00;SP;Cooperativa Médica
412228;OPERADORA TESTE 162 LTDA;00.000.000/1161-00;SP;Cooperativa Médica
414387;OPERADORA TESTE 163 LTDA;00.000.000/1162-00;PR;Cooperativa Médica
305227;OPERADORA TESTE 164 LTDA;00.000.000/1163-00;BA;Cooperativa Médica
306126;OPERADORA TESTE 165 LTDA;00.000.000/1164-00;PR;Cooperativa Médica
301124;OPERADORA TESTE 166 LTDA;00.000.000/1165-00;MG;Cooperativa Médica
301728;OPERADORA TESTE 167 LTDA;00.000.000/1166-00;SC;Cooperativa Médica
301949;OPERADORA TESTE 168 LTDA;00.000.000/1167-00;BA;Cooperativa Médica
303267;OPERADORA TESTE 169 LTDA;00.000.000/1168-00;RS;Cooperativa Médica
303356;OPERADORA TESTE 170 LTDA;00.000.000/1169-00;PE;Cooperativa Médica
303976;OPERADORA TESTE 171 LTDA;00.000.000/1170-00;PE;Cooperativa Médica
304123;OPERADORA TESTE 172 LTDA;00.000.000/1171-00;PR;Cooperativa Médica
304395;OPERADORA TESTE 173 LTDA;00.000.000/1172-00;SC;Cooperativa Médica
304701;OPERADORA TESTE 174 LTDA;00.000.000/1173-00;PR;Cooperativa Médica
305928;OPERADORA TESTE 175 LTDA;00.000.000/1174-00;SC;Cooperativa Médica
300730;OPERADORA TESTE 176 LTDA;00.000.000/1175-00;MG;Cooperativa Médica
302953;OPERADORA TESTE 177 LTDA;00.000.000/1176-00;RS;Cooperativa Médica
303623;OPERADORA TESTE 178 LTDA;00.000.000/1177-00;SC;Cooperativa Médica
304131;OPERADORA TESTE 179 LTDA;00.000.000/1178-00;SC;Cooperativa Médica
304468;OPERADORA TESTE 180 LTDA;00.000.000/1179-00;SC;Cooperativa Médica
305421;OPERADORA TESTE 181 LTDA;00.000.000/1180-00;SC;Cooperativa Médica
301744;OPERADORA TESTE 182 LTDA;00.000.000/1181-00;RJ;Cooperativa Médica
304484;OPERADORA TESTE 183 LTDA;00.000.000/1182-00;MG;Cooperativa Médica
305995;OPERADORA TESTE 184 LTDA;00.000.000/1183-00;PE;Cooperativa Médica
302147;OPERADORA TESTE 185 LTDA;00.000.000/1184-00;SP;Cooperativa Médica
303739;OPERADORA TESTE 186 LTDA;00.000.000/1185-00;SC;Cooperativa Médica
304212;OPERADORA TESTE 187 LTDA;00.000.000/1186-00;BA;Cooperativa Médica
304883;OPERADORA TESTE 188 LTDA;00.000.000/1187-00;BA;Cooperativa Médica
305472;OPERADORA TESTE 189 LTDA;00.000.000/1188-00;RS;Cooperativa Médica
306045;OPERADORA TESTE 190 LTDA;00.000.000/1189-00;RJ;Cooperativa Médica
301574;OPERADORA TESTE 191 LTDA;00.000.000/1190-00;BA;Cooperativa Médica
304051;OPERADORA TESTE 192 LTDA;00.000.000/1191-00;PE;Cooperativa Médica
304441;OPERADORA TESTE 193 LTDA;00.000.000/1192-00;RJ;Cooperativa Médica
304531;OPERADORA TESTE 194 LTDA;00.000.000/1193-00;BA;Cooperativa Médica
351202;OPERADORA TESTE 195 LTDA;00.000.000/1194-00;SP;Cooperativa Médica
345091;OPERADORA TESTE 196 LTDA;00.000.000/1195-00;PR;Cooperativa Médica
345598;OPERADORA TESTE 197 LTDA;00.000.000/1196-00;SC;Cooperativa Médica
345776;OPERADORA TESTE 198 LTDA;00.000.000/1197-00;BA;Cooperativa Médica
346870;OPERADORA TESTE 199 LTDA;00.000.000/1198-00;SP;Cooperativa Médica
347108;OPERADORA TESTE 200 LTDA;00.000.000/1199-00;PE;Cooperativa Médica
347655;OPERADORA TESTE 201 LTDA;00.000.000/1200-00;BA;Cooperativa Médica
348082;OPERADORA TESTE 202 LTDA;00.000.000/1201-00;SC;Cooperativa Médica
348244;OPERADORA TESTE 203 LTDA;00.000.000/1202-00;PR;Cooperativa Médica
348295;OPERADORA TESTE 204 LTDA;00.000.000/1203-00;MG;Cooperativa Médica
349194;OPERADORA TESTE 205 LTDA;00.000.000/1204-00;SP;Cooperativa Médica
349712;OPERADORA TESTE 206 LTDA;00.000.000/1205-00;SC;Cooperativa Médica
350371;OPERADORA TESTE 207 LTDA;00.000.000/1206-00;MG;Cooperativa Médica
350648;OPERADORA TESTE 208 LTDA;00.000.000/1207-00;PE;Cooperativa Médica
346276;OPERADORA TESTE 209 LTDA;00.000.000/1208-00;BA;Cooperativa Médica
350249;OPERADORA TESTE 210 LTDA;00.000.000/1209-00;SC;Cooperativa Médica
351270;OPERADORA TESTE 211 LTDA;00.000.000/1210-00;PE;Cooperativa Médica
347507;OPERADORA TESTE 212 LTDA;00.000.000/1211-00;RS;Cooperativa Médica
347736;OPERADORA TESTE 213 LTDA;00.000.000/1212-00;BA;Cooperativa Médica
348520;OPERADORA TESTE 214 LTDA;00.000.000/1213-00;RJ;Cooperativa Médica
349534;OPERADORA TESTE 215 LTDA;00.000.000/1214-00;RJ;Cooperativa Médica
350699;OPERADORA TESTE 216 LTDA;00.000.000/1215-00;RS;Cooperativa Médica
346926;OPERADORA TESTE 217 LTDA;00.000.000/1216-00;BA;Cooperativa Médica
350494;OPERADORA TESTE 218 LTDA;00.000.000/1217-00;SP;Cooperativa Médica
345318;OPERADORA TESTE 219 LTDA;00.000.000/1218-00;SP;Cooperativa Médica
351407;OPERADORA TESTE 220 LTDA;00.000.000/1219-00;PR;Cooperativa Médica
345709;OPERADORA TESTE 221 LTDA;00.000.000/1220-00;PE;Cooperativa Médica
348261;OPERADORA TESTE 222 LTDA;00.000.000/1221-00;BA;Cooperativa Médica
348180;OPERADORA TESTE 223 LTDA;00.000.000/1222-00;MG;Cooperativa Médica
345458;OPERADORA TESTE 224 LTDA;00.000.000/1223-00;PE;Cooperativa Médica
350346;OPERADORA TESTE 225 LTDA;00.000.000/1224-00;RS;Cooperativa Médica
350729;OPERADORA TESTE 226 LTDA;00.000.000/1225-00;PE;Cooperativa Médica
346004;OPERADORA TESTE 227 LTDA;00.000.000/1226-00;MG;Cooperativa Médica
346951;OPERADORA TESTE 228 LTDA;00.000.000/1227-00;SC;Cooperativa Médica
346659;OPERADORA TESTE 229 LTDA;00.000.000/1228-00;PE;Cooperativa Médica
347795;OPERADORA TESTE 230 LTDA;00.000.000/1229-00;SC;Cooperativa Médica
349682;OPERADORA TESTE 231 LTDA;00.000.000/1230-00;PR;Cooperativa Médica
347604;OPERADORA TESTE 232 LTDA;00.000.000/1231-00;SP;Cooperativa Médica
348830;OPERADORA TESTE 233 LTDA;00.000.000/1232-00;PR;Cooperativa Médica
344915;OPERADORA TESTE 234 LTDA;00.000.000/1233-00;MG;Cooperativa Médica
346209;OPERADORA TESTE 235 LTDA;00.000.000/1234-00;PR;Cooperativa Médica
350141;OPERADORA TESTE 236 LTDA;00.000.000/1235-00;MG;Cooperativa Médica
347825;OPERADORA TESTE 237 LTDA;00.000.000/1236-00;PR;Cooperativa Médica
345741;OPERADORA TESTE 238 LTDA;00.000.000/1237-00;SP;Cooperativa Médica
418552;OPERADORA TESTE 239 LTDA;00.000.000/1238-00;RJ;Cooperativa Médica
418803;OPERADORA TESTE 240 LTDA;00.000.000/1239-00;BA;Cooperativa Médica
417611;OPERADORA TESTE 241 LTDA;00.000.000/1240-00;MG;Cooperativa Médica
417815;OPERADORA TESTE 242 LTDA;00.000.000/1241-00;MG;Cooperativa Médica
418048;OPERADORA TESTE 243 LTDA;00.000.000/1242-00;SP;Cooperativa Médica
418218;OPERADORA TESTE 244 LTDA;00.000.000/1243-00;PE;Cooperativa Médica
418374;OPERADORA TESTE 245 LTDA;00.000.000/1244-00;PR;Cooperativa Médica
417564;OPERADORA TESTE 246 LTDA;00.000.000/1245-00;PE;Cooperativa Médica
417718;OPERADORA TESTE 247 LTDA;00.000.000/1246-00;BA;Cooperativa Médica
417769;OPERADORA TESTE 248 LTDA;00.000.000/1247-00;SC;Cooperativa Médica
418129;OPERADORA TESTE 249 LTDA;00.000.000/1248-00;SC;Cooperativa Médica
418161;OPERADORA TESTE 250 LTDA;00.000.000/1249-00;PR;Cooperativa Médica
418731;OPERADORA TESTE 251 LTDA;00.000.000/1250-00;PR;Cooperativa Médica
418820;OPERADORA TESTE 252 LTDA;00.000.000/1251-00;PR;Cooperativa Médica
417831;OPERADORA TESTE 253 LTDA;00.000.000/1252-00;SP;Cooperativa Médica
418021;OPERADORA TESTE 254 LTDA;00.000.000/1253-00;RS;Cooperativa Médica
418226;OPERADORA TESTE 255 LTDA;00.000.000/1254-00;SP;Cooperativa Médica
418587;OPERADORA TESTE 256 LTDA;00.000.000/1255-00;PR;Cooperativa Médica
418137;OPERADORA TESTE 257 LTDA;00.000.000/1256-00;MG;Cooperativa Médica
418749;OPERADORA TESTE 258 LTDA;00.000.000/1257-00;SC;Cooperativa Médica
418919;OPERADORA TESTE 259 LTDA;00.000.000/1258-00;PR;Cooperativa Médica
417947;OPERADORA TESTE 260 LTDA;00.000.000/1259-00;RS;Cooperativa Médica
324175;OPERADORA TESTE 261 LTDA;00.000.000/1260-00;RS;Cooperativa Médica
324477;OPERADORA TESTE 262 LTDA;00.000.000/1261-00;SP;Cooperativa Médica
319422;OPERADORA TESTE 263 LTDA;00.000.000/1262-00;PE;Cooperativa Médica
319996;OPERADORA TESTE 264 LTDA;00.000.000/1263-00;BA;Cooperativa Médica
320510;OPERADORA TESTE 265 LTDA;00.000.000/1264-00;PE;Cooperativa Médica
320838;OPERADORA TESTE 266 LTDA;00.000.000/1265-00;MG;Cooperativa Médica
320897;OPERADORA TESTE 267 LTDA;00.000.000/1266-00;SC;Cooperativa Médica
321869;OPERADORA TESTE 268 LTDA;00.000.000/1267-00;SC;Cooperativa Médica
322326;OPERADORA TESTE 269 LTDA;00.000.000/1268-00;BA;Cooperativa Médica
322890;OPERADORA TESTE 270 LTDA;00.000.000/1269-00;SP;Cooperativa Médica
323080;OPERADORA TESTE 271 LTDA;00.000.000/1270-00;MG;Cooperativa Médica
323357;OPERADORA TESTE 272 LTDA;00.000.000/1271-00;RJ;Cooperativa Médica
323993;OPERADORA TESTE 273 LTDA;00.000.000/1272-00;BA;Cooperativa Médica
321125;OPERADORA TESTE 274 LTDA;00.000.000/1273-00;SP;Cooperativa Médica
322571;OPERADORA TESTE 275 LTDA;00.000.000/1274-00;SP;Cooperativa Médica
324299;OPERADORA TESTE 276 LTDA;00.000.000/1275-00;BA;Cooperativa Médica
319708;OPERADORA TESTE 277 LTDA;00.000.000/1276-00;PR;Cooperativa Médica
321273;OPERADORA TESTE 278 LTDA;00.000.000/1277-00;SP;Cooperativa Médica
324213;OPERADORA TESTE 279 LTDA;00.000.000/1278-00;RJ;Cooperativa Médica
324493;OPERADORA TESTE 280 LTDA;00.000.000/1279-00;RJ;Cooperativa Médica
320706;OPERADORA TESTE 281 LTDA;00.000.000/1280-00;MG;Cooperativa Médica
321044;OPERADORA TESTE 282 LTDA;00.000.000/1281-00;MG;Cooperativa Médica
323926;OPERADORA TESTE 283 LTDA;00.000.000/1282-00;BA;Cooperativa Médica
321931;OPERADORA TESTE 284 LTDA;00.000.000/1283-00;SC;Cooperativa Médica
323004;OPERADORA TESTE 285 LTDA;00.000.000/1284-00;PE;Cooperativa Médica
324345;OPERADORA TESTE 286 LTDA;00.000.000/1285-00;RS;Cooperativa Médica
324523;OPERADORA TESTE 287 LTDA;00.000.000/1286-00;BA;Cooperativa Médica
320862;OPERADORA TESTE 288 LTDA;00.000.000/1287-00;RS;Cooperativa Médica
320251;OPERADORA TESTE 289 LTDA;00.000.000/1288-00;RS;Cooperativa Médica
323268;OPERADORA TESTE 290 LTDA;00.000.000/1289-00;PR;Cooperativa Médica
324159;OPERADORA TESTE 291 LTDA;00.000.000/1290-00;PR;Cooperativa Médica
321958;OPERADORA TESTE 292 LTDA;00.000.000/1291-00;BA;Cooperativa Médica
321320;OPERADORA TESTE 293 LTDA;00.000.000/1292-00;SP;Cooperativa Médica
322831;OPERADORA TESTE 294 LTDA;00.000.000/1293-00;RS;Cooperativa Médica
324566;OPERADORA TESTE 295 LTDA;00.000.000/1294-00;BA;Cooperativa Médica
321087;OPERADORA TESTE 296 LTDA;00.000.000/1295-00;RJ;Cooperativa Médica
323942;OPERADORA TESTE 297 LTDA;00.000.000/1296-00;PR;Cooperativa Médica
324361;OPERADORA TESTE 298 LTDA;00.000.000/1297-00;RS;Cooperativa Médica
319384;OPERADORA TESTE 299 LTDA;00.000.000/1298-00;SP;Cooperativa Médica
319872;OPERADORA TESTE 300 LTDA;00.000.000/1299-00;PR;Cooperativa Médica
321338;OPERADORA TESTE 301 LTDA;00.000.000/1300-00;MG;Cooperativa Médica
323055;OPERADORA TESTE 302 LTDA;00.000.000/1301-00;MG;Cooperativa Médica
320820;OPERADORA TESTE 303 LTDA;00.000.000/1302-00;RJ;Cooperativa Médica
422835;OPERADORA TESTE 304 LTDA;00.000.000/1303-00;PR;Cooperativa Médica
422878;OPERADORA TESTE 305 LTDA;00.000.000/1304-00;RJ;Cooperativa Médica
421669;OPERADORA TESTE 306 LTDA;00.000.000/1305-00;BA;Cooperativa Médica
421723;OPERADORA TESTE 307 LTDA;00.000.000/1306-00;SC;Cooperativa Médica
422134;OPERADORA TESTE 308 LTDA;00.000.000/1307-00;RS;Cooperativa Médica
422339;OPERADORA TESTE 309 LTDA;00.000.000/1308-00;RS;Cooperativa Médica
422576;OPERADORA TESTE 310 LTDA;00.000.000/1309-00;SP;Cooperativa Médica
422991;OPERADORA TESTE 311 LTDA;00.000.000/1310-00;BA;Cooperativa Médica
421731;OPERADORA TESTE 312 LTDA;00.000.000/1311-00;MG;Cooperativa Médica
422681;OPERADORA TESTE 313 LTDA;00.000.000/1312-00;SC;Cooperativa Médica
421341;OPERADORA TESTE 314 LTDA;00.000.000/1313-00;MG;Cooperativa Médica
422053;OPERADORA TESTE 315 LTDA;00.000.000/1314-00;BA;Cooperativa Médica
422151;OPERADORA TESTE 316 LTDA;00.000.000/1315-00;PR;Cooperativa Médica
421421;OPERADORA TESTE 317 LTDA;00.000.000/1316-00;PE;Cooperativa Médica
421707;OPERADORA TESTE 318 LTDA;00.000.000/1317-00;SC;Cooperativa Médica
421871;OPERADORA TESTE 319 LTDA;00.000.000/1318-00;PR;Cooperativa Médica
422371;OPERADORA TESTE 320 LTDA;00.000.000/1319-00;SC;Cooperativa Médica
422584;OPERADORA TESTE 321 LTDA;00.000.000/1320-00;PE;Cooperativa Médica
422070;OPERADORA TESTE 322 LTDA;00.000.000/1321-00;RJ;Cooperativa Médica
422754;OPERADORA TESTE 323 LTDA;00.000.000/1322-00;BA;Cooperativa Médica
421715;OPERADORA TESTE 324 LTDA;00.000.000/1323-00;PR;Cooperativa Médica
422380;OPERADORA TESTE 325 LTDA;00.000.000/1324-00;RJ;Cooperativa Médica
422762;OPERADORA TESTE 326 LTDA;00.000.000/1325-00;BA;Cooperativa Médica
421359;OPERADORA TESTE 327 LTDA;00.000.000/1326-00;BA;Cooperativa Médica
421928;OPERADORA TESTE 328 LTDA;00.000.000/1327-00;PR;Cooperativa Médica
354678;OPERADORA TESTE 329 LTDA;00.000.000/1328-00;MG;Cooperativa Médica
354996;OPERADORA TESTE 330 LTDA;00.000.000/1329-00;PR;Cooperativa Médica
355577;OPERADORA TESTE 331 LTDA;00.000.000/1330-00;SC;Cooperativa Médica
351776;OPERADORA TESTE 332 LTDA;00.000.000/1331-00;SP;Cooperativa Médica
352179;OPERADORA TESTE 333 LTDA;00.000.000/1332-00;RS;Cooperativa Médica
352501;OPERADORA TESTE 334 LTDA;00.000.000/1333-00;BA;Cooperativa Médica
352683;OPERADORA TESTE 335 LTDA;00.000.000/1334-00;SP;Cooperativa Médica
353027;OPERADORA TESTE 336 LTDA;00.000.000/1335-00;RJ;Cooperativa Médica
353353;OPERADORA TESTE 337 LTDA;00.000.000/1336-00;BA;Cooperativa Médica
354279;OPERADORA TESTE 338 LTDA;00.000.000/1337-00;PE;Cooperativa Médica
354295;OPERADORA TESTE 339 LTDA;00.000.000/1338-00;SC;Cooperativa Médica
354325;OPERADORA TESTE 340 LTDA;00.000.000/1339-00;PR;Cooperativa Médica
354619;OPERADORA TESTE 341 LTDA;00.000.000/1340-00;PE;Cooperativa Médica
352519;OPERADORA TESTE 342 LTDA;00.000.000/1341-00;SP;Cooperativa Médica
353698;OPERADORA TESTE 343 LTDA;00.000.000/1342-00;SP;Cooperativa Médica
354031;OPERADORA TESTE 344 LTDA;00.000.000/1343-00;BA;Cooperativa Médica
354783;OPERADORA TESTE 345 LTDA;00.000.000/1344-00;RS;Cooperativa Médica
355097;OPERADORA TESTE 346 LTDA;00.000.000/1345-00;PE;Cooperativa Médica
355593;OPERADORA TESTE 347 LTDA;00.000.000/1346-00;PE;Cooperativa Médica
351792;OPERADORA TESTE 348 LTDA;00.000.000/1347-00;SP;Cooperativa Médica
352543;OPERADORA TESTE 349 LTDA;00.000.000/1348-00;PE;Cooperativa Médica
352314;OPERADORA TESTE 350 LTDA;00.000.000/1349-00;RJ;Cooperativa Médica
353060;OPERADORA TESTE 351 LTDA;00.000.000/1350-00;PE;Cooperativa Médica
354066;OPERADORA TESTE 352 LTDA;00.000.000/1351-00;PE;Cooperativa Médica
352861;OPERADORA TESTE 353 LTDA;00.000.000/1352-00;MG;Cooperativa Médica
354627;OPERADORA TESTE 354 LTDA;00.000.000/1353-00;PR;Cooperativa Médica
353876;OPERADORA TESTE 355 LTDA;00.000.000/1354-00;BA;Cooperativa Médica
353663;OPERADORA TESTE 356 LTDA;00.000.000/1355-00;BA;Cooperativa Médica
354511;OPERADORA TESTE 357 LTDA;00.000.000/1356-00;SC;Cooperativa Médica
309362;OPERADORA TESTE 358 LTDA;00.000.000/1357-00;PR;Cooperativa Médica
310522;OPERADORA TESTE 359 LTDA;00.000.000/1358-00;RJ;Cooperativa Médica
312347;OPERADORA TESTE 360 LTDA;00.000.000/1359-00;PR;Cooperativa Médica
307319;OPERADORA TESTE 361 LTDA;00.000.000/1360-00;RS;Cooperativa Médica
309028;OPERADORA TESTE 362 LTDA;00.000.000/1361-00;RJ;Cooperativa Médica
311294;OPERADORA TESTE 363 LTDA;00.000.000/1362-00;RJ;Cooperativa Médica
310131;OPERADORA TESTE 364 LTDA;00.000.000/1363-00;BA;Cooperativa Médica
310981;OPERADORA TESTE 365 LTDA;00.000.000/1364-00;RJ;Cooperativa Médica
311391;OPERADORA TESTE 366 LTDA;00.000.000/1365-00;PE;Cooperativa Médica
301060;OPERADORA TESTE 367 LTDA;00.000.000/1366-00;RJ;Cooperativa Médica
304344;OPERADORA TESTE 368 LTDA;00.000.000/1367-00;PE;Cooperativa Médica
306100;OPERADORA TESTE 369 LTDA;00.000.000/1368-00;RJ;Cooperativa Médica
302228;OPERADORA TESTE 370 LTDA;00.000.000/1369-00;PR;Cooperativa Médica
303844;OPERADORA TESTE 371 LTDA;00.000.000/1370-00;MG;Cooperativa Médica
303178;OPERADORA TESTE 372 LTDA;00.000.000/1371-00;PR;Cooperativa Médica
305626;OPERADORA TESTE 373 LTDA;00.000.000/1372-00;SP;Cooperativa Médica
302627;OPERADORA TESTE 374 LTDA;00.000.000/1373-00;BA;Cooperativa Médica
385255;OPERADORA TESTE 375 LTDA;00.000.000/1374-00;RJ;Cooperativa Médica
386588;OPERADORA TESTE 376 LTDA;00.000.000/1375-00;PR;Cooperativa Médica
386901;OPERADORA TESTE 377 LTDA;00.000.000/1376-00;RJ;Cooperativa Médica
387185;OPERADORA TESTE 378 LTDA;00.000.000/1377-00;SC;Cooperativa Médica
370711;OPERADORA TESTE 379 LTDA;00.000.000/1378-00;PR;Cooperativa Médica
371629;OPERADORA TESTE 380 LTDA;00.000.000/1379-00;MG;Cooperativa Médica
374440;OPERADORA TESTE 381 LTDA;00.000.000/1380-00;RJ;Cooperativa Médica
379280;OPERADORA TESTE 382 LTDA;00.000.000/1381-00;PR;Cooperativa Médica
380661;OPERADORA TESTE 383 LTDA;00.000.000/1382-00;MG;Cooperativa Médica
384704;OPERADORA TESTE 384 LTDA;00.000.000/1383-00;BA;Cooperativa Médica
371106;OPERADORA TESTE 385 LTDA;00.000.000/1384-00;MG;Cooperativa Médica
372561;OPERADORA TESTE 386 LTDA;00.000.000/1385-00;PR;Cooperativa Médica
378216;OPERADORA TESTE 387 LTDA;00.000.000/1386-00;PR;Cooperativa Médica
382639;OPERADORA TESTE 388 LTDA;00.000.000/1387-00;PE;Cooperativa Médica
384577;OPERADORA TESTE 389 LTDA;00.000.000/1388-00;SP;Cooperativa Médica
388092;OPERADORA TESTE 390 LTDA;00.000.000/1389-00;BA;Cooperativa Médica
370975;OPERADORA TESTE 391 LTDA;00.000.000/1390-00;SC;Cooperativa Médica
385620;OPERADORA TESTE 392 LTDA;00.000.000/1391-00;MG;Cooperativa Médica
382655;OPERADORA TESTE 393 LTDA;00.000.000/1392-00;SP;Cooperativa Médica
371777;OPERADORA TESTE 394 LTDA;00.000.000/1393-00;MG;Cooperativa Médica
372609;OPERADORA TESTE 395 LTDA;00.000.000/1394-00;BA;Cooperativa Médica
381144;OPERADORA TESTE 396 LTDA;00.000.000/1395-00;SP;Cooperativa Médica
389358;OPERADORA TESTE 397 LTDA;00.000.000/1396-00;SC;Cooperativa Médica
382876;OPERADORA TESTE 398 LTDA;00.000.000/1397-00;PR;Cooperativa Médica
386596;OPERADORA TESTE 399 LTDA;00.000.000/1398-00;RS;Cooperativa Médica
371564;OPERADORA TESTE 400 LTDA;00.000.000/1399-00;RS;Cooperativa Médica
371254;OPERADORA TESTE 401 LTDA;00.000.000/1400-00;PR;Cooperativa Médica
382281;OPERADORA TESTE 402 LTDA;00.000.000/1401-00;MG;Cooperativa Médica
385697;OPERADORA TESTE 403 LTDA;00.000.000/1402-00;BA;Cooperativa Médica
373010;OPERADORA TESTE 404 LTDA;00.000.000/1403-00;PR;Cooperativa Médica
379956;OPERADORA TESTE 405 LTDA;00.000.000/1404-00;RS;Cooperativa Médica
382540;OPERADORA TESTE 406 LTDA;00.000.000/1405-00;BA;Cooperativa Médica
344729;OPERADORA TESTE 407 LTDA;00.000.000/1406-00;RS;Cooperativa Médica
340782;OPERADORA TESTE 408 LTDA;00.000.000/1407-00;BA;Cooperativa Médica
340952;OPERADORA TESTE 409 LTDA;00.000.000/1408-00;SC;Cooperativa Médica
342203;OPERADORA TESTE 410 LTDA;00.000.000/1409-00;RJ;Cooperativa Médica
342386;OPERADORA TESTE 411 LTDA;00.000.000/1410-00;BA;Cooperativa Médica
342955;OPERADORA TESTE 412 LTDA;00.000.000/1411-00;RS;Cooperativa Médica
343153;OPERADORA TESTE 413 LTDA;00.000.000/1412-00;BA;Cooperativa Médica
343684;OPERADORA TESTE 414 LTDA;00.000.000/1413-00;SC;Cooperativa Médica
344397;OPERADORA TESTE 415 LTDA;00.000.000/1414-00;RJ;Cooperativa Médica
344800;OPERADORA TESTE 416 LTDA;00.000.000/1415-00;SP;Cooperativa Médica
344885;OPERADORA TESTE 417 LTDA;00.000.000/1416-00;BA;Cooperativa Médica
342033;OPERADORA TESTE 418 LTDA;00.000.000/1417-00;RJ;Cooperativa Médica
342556;OPERADORA TESTE 419 LTDA;00.000.000/1418-00;BA;Cooperativa Médica
343404;OPERADORA TESTE 420 LTDA;00.000.000/1419-00;PE;Cooperativa Médica
342084;OPERADORA TESTE 421 LTDA;00.000.000/1420-00;BA;Cooperativa Médica
343765;OPERADORA TESTE 422 LTDA;00.000.000/1421-00;SC;Cooperativa Médica
344788;OPERADORA TESTE 423 LTDA;00.000.000/1422-00;RJ;Cooperativa Médica
342131;OPERADORA TESTE 424 LTDA;00.000.000/1423-00;MG;Cooperativa Médica
343269;OPERADORA TESTE 425 LTDA;00.000.000/1424-00;SP;Cooperativa Médica
344141;OPERADORA TESTE 426 LTDA;00.000.000/1425-00;PE;Cooperativa Médica
340251;OPERADORA TESTE 427 LTDA;00.000.000/1426-00;MG;Cooperativa Médica
342343;OPERADORA TESTE 428 LTDA;00.000.000/1427-00;PE;Cooperativa Médica
343722;OPERADORA TESTE 429 LTDA;00.000.000/1428-00;RS;Cooperativa Médica
343056;OPERADORA TESTE 430 LTDA;00.000.000/1429-00;SP;Cooperativa Médica
343463;OPERADORA TESTE 431 LTDA;00.000.000/1430-00;MG;Cooperativa Médica
344443;OPERADORA TESTE 432 LTDA;00.000.000/1431-00;RJ;Cooperativa Médica
342611;OPERADORA TESTE 433 LTDA;00.000.000/1432-00;MG;Cooperativa Médica
343889;OPERADORA TESTE 434 LTDA;00.000.000/1433-00;BA;Cooperativa Médica
344184;OPERADORA TESTE 435 LTDA;00.000.000/1434-00;RS;Cooperativa Médica
343676;OPERADORA TESTE 436 LTDA;00.000.000/1435-00;SP;Cooperativa Médica
422398;OPERADORA TESTE 437 LTDA;00.000.000/1436-00;RJ;Cooperativa Médica
422606;OPERADORA TESTE 438 LTDA;00.000.000/1437-00;SP;Cooperativa Médica
421367;OPERADORA TESTE 439 LTDA;00.000.000/1438-00;MG;Cooperativa Médica
421618;OPERADORA TESTE 440 LTDA;00.000.000/1439-00;BA;Cooperativa Médica
421944;OPERADORA TESTE 441 LTDA;00.000.000/1440-00;BA;Cooperativa Médica
422304;OPERADORA TESTE 442 LTDA;00.000.000/1441-00;SC;Cooperativa Médica
422771;OPERADORA TESTE 443 LTDA;00.000.000/1442-00;RJ;Cooperativa Médica
422959;OPERADORA TESTE 444 LTDA;00.000.000/1443-00;RS;Cooperativa Médica
421324;OPERADORA TESTE 445 LTDA;00.000.000/1444-00;RS;Cooperativa Médica
422614;OPERADORA TESTE 446 LTDA;00.000.000/1445-00;SP;Cooperativa Médica
421634;OPERADORA TESTE 447 LTDA;00.000.000/1446-00;BA;Cooperativa Médica
422126;OPERADORA TESTE 448 LTDA;00.000.000/1447-00;RS;Cooperativa Médica
422321;OPERADORA TESTE 449 LTDA;00.000.000/1448-00;MG;Cooperativa Médica
422479;OPERADORA TESTE 450 LTDA;00.000.000/1449-00;RS;Cooperativa Médica
421766;OPERADORA TESTE 451 LTDA;00.000.000/1450-00;RS;Cooperativa Médica
422029;OPERADORA TESTE 452 LTDA;00.000.000/1451-00;SP;Cooperativa Médica
422631;OPERADORA TESTE 453 LTDA;00.000.000/1452-00;RJ;Cooperativa Médica
422827;OPERADORA TESTE 454 LTDA;00.000.000/1453-00;SP;Cooperativa Médica
422487;OPERADORA TESTE 455 LTDA;00.000.000/1454-00;RS;Cooperativa Médica
410110;OPERADORA TESTE 456 LTDA;00.000.000/1455-00;PE;Cooperativa Médica
410624;OPERADORA TESTE 457 LTDA;00.000.000/1456-00;SC;Cooperativa Médica
392804;OPERADORA TESTE 458 LTDA;00.000.000/1457-00;SP;Cooperativa Médica
393533;OPERADORA TESTE 459 LTDA;00.000.000/1458-00;SP;Cooperativa Médica
400190;OPERADORA TESTE 460 LTDA;00.000.000/1459-00;RJ;Cooperativa Médica
402206;OPERADORA TESTE 461 LTDA;00.000.000/1460-00;RS;Cooperativa Médica
403911;OPERADORA TESTE 462 LTDA;00.000.000/1461-00;PE;Cooperativa Médica
406937;OPERADORA TESTE 463 LTDA;00.000.000/1462-00;BA;Cooperativa Médica
407534;OPERADORA TESTE 464 LTDA;00.000.000/1463-00;PR;Cooperativa Médica
407569;OPERADORA TESTE 465 LTDA;00.000.000/1464-00;SC;Cooperativa Médica
408794;OPERADORA TESTE 466 LTDA;00.000.000/1465-00;BA;Cooperativa Médica
409286;OPERADORA TESTE 467 LTDA;00.000.000/1466-00;MG;Cooperativa Médica
401081;OPERADORA TESTE 468 LTDA;00.000.000/1467-00;PR;Cooperativa Médica
408522;OPERADORA TESTE 469 LTDA;00.000.000/1468-00;MG;Cooperativa Médica
394734;OPERADORA TESTE 470 LTDA;00.000.000/1469-00;RS;Cooperativa Médica
402834;OPERADORA TESTE 471 LTDA;00.000.000/1470-00;SC;Cooperativa Médica
406554;OPERADORA TESTE 472 LTDA;00.000.000/1471-00;PE;Cooperativa Médica
409405;OPERADORA TESTE 473 LTDA;00.000.000/1472-00;PE;Cooperativa Médica
389854;OPERADORA TESTE 474 LTDA;00.000.000/1473-00;RS;Cooperativa Médica
403962;OPERADORA TESTE 475 LTDA;00.000.000/1474-00;PR;Cooperativa Médica
406635;OPERADORA TESTE 476 LTDA;00.000.000/1475-00;MG;Cooperativa Médica
410128;OPERADORA TESTE 477 LTDA;00.000.000/1476-00;PE;Cooperativa Médica
406945;OPERADORA TESTE 478 LTDA;00.000.000/1477-00;SC;Cooperativa Médica
393321;OPERADORA TESTE 479 LTDA;00.000.000/1478-00;MG;Cooperativa Médica
409413;OPERADORA TESTE 480 LTDA;00.000.000/1479-00;PE;Cooperativa Médica
390259;OPERADORA TESTE 481 LTDA;00.000.000/1480-00;SP;Cooperativa Médica
401480;OPERADORA TESTE 482 LTDA;00.000.000/1481-00;BA;Cooperativa Médica
404241;OPERADORA TESTE 483 LTDA;00.000.000/1482-00;SC;Cooperativa Médica
406708;OPERADORA TESTE 484 LTDA;00.000.000/1483-00;SP;Cooperativa Médica
408026;OPERADORA TESTE 485 LTDA;00.000.000/1484-00;PE;Cooperativa Médica
410179;OPERADORA TESTE 486 LTDA;00.000.000/1485-00;PR;Cooperativa Médica
395480;OPERADORA TESTE 487 LTDA;00.000.000/1486-00;SP;Cooperativa Médica
423122;OPERADORA TESTE 488 LTDA;00.000.000/1487-00;RJ;Cooperativa Médica
423181;OPERADORA TESTE 489 LTDA;00.000.000/1488-00;RJ;Cooperativa Médica
423351;OPERADORA TESTE 490 LTDA;00.000.000/1489-00;BA;Cooperativa Médica
423394;OPERADORA TESTE 491 LTDA;00.000.000/1490-00;SC;Cooperativa Médica
423017;OPERADORA TESTE 492 LTDA;00.000.000/1491-00;BA;Cooperativa Médica
423173;OPERADORA TESTE 493 LTDA;00.000.000/1492-00;PE;Cooperativa Médica
423408;OPERADORA TESTE 494 LTDA;00.000.000/1493-00;SP;Cooperativa Médica
423319;OPERADORA TESTE 495 LTDA;00.000.000/1494-00;MG;Cooperativa Médica
417599;OPERADORA TESTE 496 LTDA;00.000.000/1495-00;BA;Cooperativa Médica
417661;OPERADORA TESTE 497 LTDA;00.000.000/1496-00;RS;Cooperativa Médica
418285;OPERADORA TESTE 498 LTDA;00.000.000/1497-00;PE;Cooperativa Médica
418501;OPERADORA TESTE 499 LTDA;00.000.000/1498-00;BA;Cooperativa Médica
418617;OPERADORA TESTE 500 LTDA;00.000.000/1499-00;RS;Cooperativa Médica
417548;OPERADORA TESTE 501 LTDA;00.000.000/1500-00;PE;Cooperativa Médica
417955;OPERADORA TESTE 502 LTDA;00.000.000/1501-00;RS;Cooperativa Médica
418170;OPERADORA TESTE 503 LTDA;00.000.000/1502-00;SP;Cooperativa Médica
418650;OPERADORA TESTE 504 LTDA;00.000.000/1503-00;PR;Cooperativa Médica
418072;OPERADORA TESTE 505 LTDA;00.000.000/1504-00;BA;Cooperativa Médica
701;OPERADORA TESTE 506 LTDA;00.000.000/1505-00;PR;Cooperativa Médica
884;OPERADORA TESTE 507 LTDA;00.000.000/1506-00;RS;Cooperativa Médica
417491;OPERADORA TESTE 508 LTDA;00.000.000/1507-00;RS;Cooperativa Médica
415901;OPERADORA TESTE 509 LTDA;00.000.000/1508-00;MG;Cooperativa Médica
415910;OPERADORA TESTE 510 LTDA;00.000.000/1509-00;PR;Cooperativa Médica
416398;OPERADORA TESTE 511 LTDA;00.000.000/1510-00;RJ;Cooperativa Médica
416495;OPERADORA TESTE 512 LTDA;00.000.000/1511-00;SP;Cooperativa Médica
416657;OPERADORA TESTE 513 LTDA;00.000.000/1512-00;PE;Cooperativa Médica
417424;OPERADORA TESTE 514 LTDA;00.000.000/1513-00;PR;Cooperativa Médica
417441;OPERADORA TESTE 515 LTDA;00.000.000/1514-00;BA;Cooperativa Médica
417459;OPERADORA TESTE 516 LTDA;00.000.000/1515-00;RS;Cooperativa Médica
415944;OPERADORA TESTE 517 LTDA;00.000.000/1516-00;SP;Cooperativa Médica
416690;OPERADORA TESTE 518 LTDA;00.000.000/1517-00;PE;Cooperativa Médica
417289;OPERADORA TESTE 519 LTDA;00.000.000/1518-00;BA;Cooperativa Médica
417505;OPERADORA TESTE 520 LTDA;00.000.000/1519-00;RJ;Cooperativa Médica
417416;OPERADORA TESTE 521 LTDA;00.000.000/1520-00;SC;Cooperativa Médica
417530;OPERADORA TESTE 522 LTDA;00.000.000/1521-00;PR;Cooperativa Médica
416525;OPERADORA TESTE 523 LTDA;00.000.000/1522-00;SP;Cooperativa Médica
417173;OPERADORA TESTE 524 LTDA;00.000.000/1523-00;RJ;Cooperativa Médica
416401;OPERADORA TESTE 525 LTDA;00.000.000/1524-00;SC;Cooperativa Médica
416975;OPERADORA TESTE 526 LTDA;00.000.000/1525-00;SP;Cooperativa Médica
417475;OPERADORA TESTE 527 LTDA;00.000.000/1526-00;SP;Cooperativa Médica
416738;OPERADORA TESTE 528 LTDA;00.000.000/1527-00;SP;Cooperativa Médica
417092;OPERADORA TESTE 529 LTDA;00.000.000/1528-00;RJ;Cooperativa Médica
417211;OPERADORA TESTE 530 LTDA;00.000.000/1529-00;SP;Cooperativa Médica
415936;OPERADORA TESTE 531 LTDA;00.000.000/1530-00;BA;Cooperativa Médica
416568;OPERADORA TESTE 532 LTDA;00.000.000/1531-00;PE;Cooperativa Médica
6246;OPERADORA TESTE 533 LTDA;00.000.000/1532-00;BA;Cooperativa Médica
5711;OPERADORA TESTE 534 LTDA;00.000.000/1533-00;SP;Cooperativa Médica
318213;OPERADORA TESTE 535 LTDA;00.000.000/1534-00;BA;Cooperativa Médica
318388;OPERADORA TESTE 536 LTDA;00.000.000/1535-00;MG;Cooperativa Médica
319121;OPERADORA TESTE 537 LTDA;00.000.000/1536-00;RS;Cooperativa Médica
313211;OPERADORA TESTE 538 LTDA;00.000.000/1537-00;RJ;Cooperativa Médica
314218;OPERADORA TESTE 539 LTDA;00.000.000/1538-00;BA;Cooperativa Médica
314366;OPERADORA TESTE 540 LTDA;00.000.000/1539-00;PR;Cooperativa Médica
314706;OPERADORA TESTE 541 LTDA;00.000.000/1540-00;BA;Cooperativa Médica
315265;OPERADORA TESTE 542 LTDA;00.000.000/1541-00;PR;Cooperativa Médica
315729;OPERADORA TESTE 543 LTDA;00.000.000/1542-00;RS;Cooperativa Médica
316148;OPERADORA TESTE 544 LTDA;00.000.000/1543-00;PE;Cooperativa Médica
316881;OPERADORA TESTE 545 LTDA;00.000.000/1544-00;SC;Cooperativa Médica
317632;OPERADORA TESTE 546 LTDA;00.000.000/1545-00;PR;Cooperativa Médica
313971;OPERADORA TESTE 547 LTDA;00.000.000/1546-00;SP;Cooperativa Médica
315648;OPERADORA TESTE 548 LTDA;00.000.000/1547-00;SP;Cooperativa Médica
317144;OPERADORA TESTE 549 LTDA;00.000.000/1548-00;SC;Cooperativa Médica
319180;OPERADORA TESTE 550 LTDA;00.000.000/1549-00;SC;Cooperativa Médica
314242;OPERADORA TESTE 551 LTDA;00.000.000/1550-00;PR;Cooperativa Médica
318477;OPERADORA TESTE 552 LTDA;00.000.000/1551-00;RJ;Cooperativa Médica
314781;OPERADORA TESTE 553 LTDA;00.000.000/1552-00;SC;Cooperativa Médica
315796;OPERADORA TESTE 554 LTDA;00.000.000/1553-00;PR;Cooperativa Médica
313475;OPERADORA TESTE 555 LTDA;00.000.000/1554-00;RJ;Cooperativa Médica
315478;OPERADORA TESTE 556 LTDA;00.000.000/1555-00;PE;Cooperativa Médica
316458;OPERADORA TESTE 557 LTDA;00.000.000/1556-00;PR;Cooperativa Médica
316903;OPERADORA TESTE 558 LTDA;00.000.000/1557-00;RS;Cooperativa Médica
317896;OPERADORA TESTE 559 LTDA;00.000.000/1558-00;RJ;Cooperativa Médica
314099;OPERADORA TESTE 560 LTDA;00.000.000/1559-00;BA;Cooperativa Médica
314587;OPERADORA TESTE 561 LTDA;00.000.000/1560-00;MG;Cooperativa Médica
316997;OPERADORA TESTE 562 LTDA;00.000.000/1561-00;RS;Cooperativa Médica
318299;OPERADORA TESTE 563 LTDA;00.000.000/1562-00;RJ;Cooperativa Médica
318566;OPERADORA TESTE 564 LTDA;00.000.000/1563-00;RJ;Cooperativa Médica
313751;OPERADORA TESTE 565 LTDA;00.000.000/1564-00;MG;Cooperativa Médica
315494;OPERADORA TESTE 566 LTDA;00.000.000/1565-00;PE;Cooperativa Médica
316849;OPERADORA TESTE 567 LTDA;00.000.000/1566-00;PR;Cooperativa Médica
417106;OPERADORA TESTE 568 LTDA;00.000.000/1567-00;PR;Cooperativa Médica
417220;OPERADORA TESTE 569 LTDA;00.000.000/1568-00;SC;Cooperativa Médica
417297;OPERADORA TESTE 570 LTDA;00.000.000/1569-00;PR;Cooperativa Médica
416428;OPERADORA TESTE 571 LTDA;00.000.000/1570-00;RJ;Cooperativa Médica
416789;OPERADORA TESTE 572 LTDA;00.000.000/1571-00;BA;Cooperativa Médica
416584;OPERADORA TESTE 573 LTDA;00.000.000/1572-00;MG;Cooperativa Médica
417262;OPERADORA TESTE 574 LTDA;00.000.000/1573-00;BA;Cooperativa Médica
416801;OPERADORA TESTE 575 LTDA;00.000.000/1574-00;PR;Cooperativa Médica
417131;OPERADORA TESTE 576 LTDA;00.000.000/1575-00;RS;Cooperativa Médica
415898;OPERADORA TESTE 577 LTDA;00.000.000/1576-00;PE;Cooperativa Médica
415987;OPERADORA TESTE 578 LTDA;00.000.000/1577-00;MG;Cooperativa Médica
419958;OPERADORA TESTE 579 LTDA;00.000.000/1578-00;SC;Cooperativa Médica
420034;OPERADORA TESTE 580 LTDA;00.000.000/1579-00;PR;Cooperativa Médica
419052;OPERADORA TESTE 581 LTDA;00.000.000/1580-00;PR;Cooperativa Médica
419141;OPERADORA TESTE 582 LTDA;00.000.000/1581-00;PR;Cooperativa Médica
419249;OPERADORA TESTE 583 LTDA;00.000.000/1582-00;RS;Cooperativa Médica
419257;OPERADORA TESTE 584 LTDA;00.000.000/1583-00;PE;Cooperativa Médica
419281;OPERADORA TESTE 585 LTDA;00.000.000/1584-00;PE;Cooperativa Médica
419567;OPERADORA TESTE 586 LTDA;00.000.000/1585-00;MG;Cooperativa Médica
419753;OPERADORA TESTE 587 LTDA;00.000.000/1586-00;RJ;Cooperativa Médica
419907;OPERADORA TESTE 588 LTDA;00.000.000/1587-00;RJ;Cooperativa Médica
420051;OPERADORA TESTE 589 LTDA;00.000.000/1588-00;SC;Cooperativa Médica
419010;OPERADORA TESTE 590 LTDA;00.000.000/1589-00;SC;Cooperativa Médica
419354;OPERADORA TESTE 591 LTDA;00.000.000/1590-00;RS;Cooperativa Médica
419761;OPERADORA TESTE 592 LTDA;00.000.000/1591-00;BA;Cooperativa Médica
418960;OPERADORA TESTE 593 LTDA;00.000.000/1592-00;RJ;Cooperativa Médica
419079;OPERADORA TESTE 594 LTDA;00.000.000/1593-00;RS;Cooperativa Médica
419486;OPERADORA TESTE 595 LTDA;00.000.000/1594-00;PE;Cooperativa Médica
419150;OPERADORA TESTE 596 LTDA;00.000.000/1595-00;RJ;Cooperativa Médica
419834;OPERADORA TESTE 597 LTDA;00.000.000/1596-00;PR;Cooperativa Médica
419389;OPERADORA TESTE 598 LTDA;00.000.000/1597-00;SC;Cooperativa Médica
419591;OPERADORA TESTE 599 LTDA;00.000.000/1598-00;SP;Cooperativa Médica
419842;OPERADORA TESTE 600 LTDA;00.000.000/1599-00;PE;Cooperativa Médica
419974;OPERADORA TESTE 601 LTDA;00.000.000/1600-00;PE;Cooperativa Médica
419851;OPERADORA TESTE 602 LTDA;00.000.000/1601-00;SC;Cooperativa Médica
419168;OPERADORA TESTE 603 LTDA;00.000.000/1602-00;RJ;Cooperativa Médica
419516;OPERADORA TESTE 604 LTDA;00.000.000/1603-00;SP;Cooperativa Médica
419419;OPERADORA TESTE 605 LTDA;00.000.000/1604-00;SP;Cooperativa Médica
419699;OPERADORA TESTE 606 LTDA;00.000.000/1605-00;SC;Cooperativa Médica
420000;OPERADORA TESTE 607 LTDA;00.000.000/1606-00;RJ;Cooperativa Médica
419133;OPERADORA TESTE 608 LTDA;00.000.000/1607-00;PR;Cooperativa Médica
419524;OPERADORA TESTE 609 LTDA;00.000.000/1608-00;PR;Cooperativa Médica
419427;OPERADORA TESTE 610 LTDA;00.000.000/1609-00;PR;Cooperativa Médica
419028;OPERADORA TESTE 611 LTDA;00.000.000/1610-00;RJ;Cooperativa Médica
418951;OPERADORA TESTE 612 LTDA;00.000.000/1611-00;RJ;Cooperativa Médica
419290;OPERADORA TESTE 613 LTDA;00.000.000/1612-00;SC;Cooperativa Médica
420280;OPERADORA TESTE 614 LTDA;00.000.000/1613-00;PR;Cooperativa Médica
420301;OPERADORA TESTE 615 LTDA;00.000.000/1614-00;PE;Cooperativa Médica
420981;OPERADORA TESTE 616 LTDA;00.000.000/1615-00;SP;Cooperativa Médica
421120;OPERADORA TESTE 617 LTDA;00.000.000/1616-00;PE;Cooperativa Médica
421197;OPERADORA TESTE 618 LTDA;00.000.000/1617-00;PE;Cooperativa Médica
420093;OPERADORA TESTE 619 LTDA;00.000.000/1618-00;MG;Cooperativa Médica
420166;OPERADORA TESTE 620 LTDA;00.000.000/1619-00;PE;Cooperativa Médica
420930;OPERADORA TESTE 621 LTDA;00.000.000/1620-00;BA;Cooperativa Médica
420841;OPERADORA TESTE 622 LTDA;00.000.000/1621-00;RJ;Cooperativa Médica
420107;OPERADORA TESTE 623 LTDA;00.000.000/1622-00;SP;Cooperativa Médica
420816;OPERADORA TESTE 624 LTDA;00.000.000/1623-00;MG;Cooperativa Médica
420077;OPERADORA TESTE 625 LTDA;00.000.000/1624-00;MG;Cooperativa Médica
420123;OPERADORA TESTE 626 LTDA;00.000.000/1625-00;PE;Cooperativa Médica
420701;OPERADORA TESTE 627 LTDA;00.000.000/1626-00;MG;Cooperativa Médica
421154;OPERADORA TESTE 628 LTDA;00.000.000/1627-00;PR;Cooperativa Médica
420271;OPERADORA TESTE 629 LTDA;00.000.000/1628-00;RJ;Cooperativa Médica
420751;OPERADORA TESTE 630 LTDA;00.000.000/1629-00;PR;Cooperativa Médica
421189;OPERADORA TESTE 631 LTDA;00.000.000/1630-00;SC;Cooperativa Médica
420085;OPERADORA TESTE 632 LTDA;00.000.000/1631-00;RJ;Cooperativa Médica
421286;OPERADORA TESTE 633 LTDA;00.000.000/1632-00;BA;Cooperativa Médica
420158;OPERADORA TESTE 634 LTDA;00.000.000/1633-00;RS;Cooperativa Médica
420786;OPERADORA TESTE 635 LTDA;00.000.000/1634-00;BA;Cooperativa Médica
421006;OPERADORA TESTE 636 LTDA;00.000.000/1635-00;PE;Cooperativa Médica
355151;OPERADORA TESTE 637 LTDA;00.000.000/1636-00;RJ;Cooperativa Médica
352331;OPERADORA TESTE 638 LTDA;00.000.000/1637-00;RS;Cooperativa Médica
352586;OPERADORA TESTE 639 LTDA;00.000.000/1638-00;SP;Cooperativa Médica
353264;OPERADORA TESTE 640 LTDA;00.000.000/1639-00;RJ;Cooperativa Médica
354562;OPERADORA TESTE 641 LTDA;00.000.000/1640-00;RJ;Cooperativa Médica
339679;OPERADORA TESTE 642 LTDA;00.000.000/1641-00;PE;Cooperativa Médica
340146;OPERADORA TESTE 643 LTDA;00.000.000/1642-00;RJ;Cooperativa Médica
333051;OPERADORA TESTE 644 LTDA;00.000.000/1643-00;RS;Cooperativa Médica
333808;OPERADORA TESTE 645 LTDA;00.000.000/1644-00;MG;Cooperativa Médica
334561;OPERADORA TESTE 646 LTDA;00.000.000/1645-00;RJ;Cooperativa Médica
335100;OPERADORA TESTE 647 LTDA;00.000.000/1646-00;SC;Cooperativa Médica
335479;OPERADORA TESTE 648 LTDA;00.000.000/1647-00;SP;Cooperativa Médica
335754;OPERADORA TESTE 649 LTDA;00.000.000/1648-00;RS;Cooperativa Médica
336467;OPERADORA TESTE 650 LTDA;00.000.000/1649-00;PR;Cooperativa Médica
337188;OPERADORA TESTE 651 LTDA;00.000.000/1650-00;BA;Cooperativa Médica
337510;OPERADORA TESTE 652 LTDA;00.000.000/1651-00;RS;Cooperativa Médica
338346;OPERADORA TESTE 653 LTDA;00.000.000/1652-00;PE;Cooperativa Médica
333867;OPERADORA TESTE 654 LTDA;00.000.000/1653-00;PE;Cooperativa Médica
335541;OPERADORA TESTE 655 LTDA;00.000.000/1654-00;MG;Cooperativa Médica
335614;OPERADORA TESTE 656 LTDA;00.000.000/1655-00;RJ;Cooperativa Médica
337668;OPERADORA TESTE 657 LTDA;00.000.000/1656-00;BA;Cooperativa Médica
333662;OPERADORA TESTE 658 LTDA;00.000.000/1657-00;SP;Cooperativa Médica
334243;OPERADORA TESTE 659 LTDA;00.000.000/1658-00;SC;Cooperativa Médica
334847;OPERADORA TESTE 660 LTDA;00.000.000/1659-00;PR;Cooperativa Médica
338648;OPERADORA TESTE 661 LTDA;00.000.000/1660-00;RJ;Cooperativa Médica
340162;OPERADORA TESTE 662 LTDA;00.000.000/1661-00;MG;Cooperativa Médica
335789;OPERADORA TESTE 663 LTDA;00.000.000/1662-00;RJ;Cooperativa Médica
336831;OPERADORA TESTE 664 LTDA;00.000.000/1663-00;PR;Cooperativa Médica
333875;OPERADORA TESTE 665 LTDA;00.000.000/1664-00;PE;Cooperativa Médica
335215;OPERADORA TESTE 666 LTDA;00.000.000/1665-00;SP;Cooperativa Médica
335657;OPERADORA TESTE 667 LTDA;00.000.000/1666-00;SC;Cooperativa Médica
337374;OPERADORA TESTE 668 LTDA;00.000.000/1667-00;SP;Cooperativa Médica
334511;OPERADORA TESTE 669 LTDA;00.000.000/1668-00;BA;Cooperativa Médica
335592;OPERADORA TESTE 670 LTDA;00.000.000/1669-00;RJ;Cooperativa Médica
335690;OPERADORA TESTE 671 LTDA;00.000.000/1670-00;SP;Cooperativa Médica
337871;OPERADORA TESTE 672 LTDA;00.000.000/1671-00;BA;Cooperativa Médica
335517;OPERADORA TESTE 673 LTDA;00.000.000/1672-00;SP;Cooperativa Médica
336106;OPERADORA TESTE 674 LTDA;00.000.000/1673-00;PE;Cooperativa Médica
337561;OPERADORA TESTE 675 LTDA;00.000.000/1674-00;BA;Cooperativa Médica
339458;OPERADORA TESTE 676 LTDA;00.000.000/1675-00;SP;Cooperativa Médica
334154;OPERADORA TESTE 677 LTDA;00.000.000/1676-00;MG;Cooperativa Médica
336858;OPERADORA TESTE 678 LTDA;00.000.000/1677-00;SP;Cooperativa Médica
339954;OPERADORA TESTE 679 LTDA;00.000.000/1678-00;SC;Cooperativa Médica
333689;OPERADORA TESTE 680 LTDA;00.000.000/1679-00;SP;Cooperativa Médica
339636;OPERADORA TESTE 681 LTDA;00.000.000/1680-00;RS;Cooperativa Médica
337498;OPERADORA TESTE 682 LTDA;00.000.000/1681-00;MG;Cooperativa Médica
335258;OPERADORA TESTE 683 LTDA;00.000.000/1682-00;MG;Cooperativa Médica
330566;OPERADORA TESTE 684 LTDA;00.000.000/1683-00;RJ;Cooperativa Médica
331341;OPERADORA TESTE 685 LTDA;00.000.000/1684-00;PR;Cooperativa Médica
331872;OPERADORA TESTE 686 LTDA;00.000.000/1685-00;MG;Cooperativa Médica
325571;OPERADORA TESTE 687 LTDA;00.000.000/1686-00;SC;Cooperativa Médica
326305;OPERADORA TESTE 688 LTDA;00.000.000/1687-00;RJ;Cooperativa Médica
326861;OPERADORA TESTE 689 LTDA;00.000.000/1688-00;RS;Cooperativa Médica
327638;OPERADORA TESTE 690 LTDA;00.000.000/1689-00;PR;Cooperativa Médica
328073;OPERADORA TESTE 691 LTDA;00.000.000/1690-00;PR;Cooperativa Médica
328308;OPERADORA TESTE 692 LTDA;00.000.000/1691-00;PR;Cooperativa Médica
329339;OPERADORA TESTE 693 LTDA;00.000.000/1692-00;BA;Cooperativa Médica
329886;OPERADORA TESTE 694 LTDA;00.000.000/1693-00;PR;Cooperativa Médica
330116;OPERADORA TESTE 695 LTDA;00.000.000/1694-00;SP;Cooperativa Médica
325031;OPERADORA TESTE 696 LTDA;00.000.000/1695-00;RS;Cooperativa Médica
325236;OPERADORA TESTE 697 LTDA;00.000.000/1696-00;RJ;Cooperativa Médica
327352;OPERADORA TESTE 698 LTDA;00.000.000/1697-00;PE;Cooperativa Médica
330809;OPERADORA TESTE 699 LTDA;00.000.000/1698-00;BA;Cooperativa Médica
327417;OPERADORA TESTE 700 LTDA;00.000.000/1699-00;PE;Cooperativa Médica
330264;OPERADORA TESTE 701 LTDA;00.000.000/1700-00;PE;Cooperativa Médica
331988;OPERADORA TESTE 702 LTDA;00.000.000/1701-00;RS;Cooperativa Médica
325465;OPERADORA TESTE 703 LTDA;00.000.000/1702-00;MG;Cooperativa Médica
326500;OPERADORA TESTE 704 LTDA;00.000.000/1703-00;SC;Cooperativa Médica
330892;OPERADORA TESTE 705 LTDA;00.000.000/1704-00;RS;Cooperativa Médica
331651;OPERADORA TESTE 706 LTDA;00.000.000/1705-00;SC;Cooperativa Médica
326089;OPERADORA TESTE 707 LTDA;00.000.000/1706-00;RS;Cooperativa Médica
327328;OPERADORA TESTE 708 LTDA;00.000.000/1707-00;SP;Cooperativa Médica
328375;OPERADORA TESTE 709 LTDA;00.000.000/1708-00;SC;Cooperativa Médica
327689;OPERADORA TESTE 710 LTDA;00.000.000/1709-00;PE;Cooperativa Médica
328294;OPERADORA TESTE 711 LTDA;00.000.000/1710-00;RJ;Cooperativa Médica
330108;OPERADORA TESTE 712 LTDA;00.000.000/1711-00;BA;Cooperativa Médica
330281;OPERADORA TESTE 713 LTDA;00.000.000/1712-00;RJ;Cooperativa Médica
331317;OPERADORA TESTE 714 LTDA;00.000.000/1713-00;RS;Cooperativa Médica
326755;OPERADORA TESTE 715 LTDA;00.000.000/1714-00;SP;Cooperativa Médica
329355;OPERADORA TESTE 716 LTDA;00.000.000/1715-00;SP;Cooperativa Médica
325082;OPERADORA TESTE 717 LTDA;00.000.000/1716-00;PE;Cooperativa Médica
327468;OPERADORA TESTE 718 LTDA;00.000.000/1717-00;RJ;Cooperativa Médica
328537;OPERADORA TESTE 719 LTDA;00.000.000/1718-00;RJ;Cooperativa Médica
329665;OPERADORA TESTE 720 LTDA;00.000.000/1719-00;MG;Cooperativa Médica
328031;OPERADORA TESTE 721 LTDA;00.000.000/1720-00;BA;Cooperativa Médica
327557;OPERADORA TESTE 722 LTDA;00.000.000/1721-00;RJ;Cooperativa Médica
344451;OPERADORA TESTE 723 LTDA;00.000.000/1722-00;SC;Cooperativa Médica
341819;OPERADORA TESTE 724 LTDA;00.000.000/1723-00;SP;Cooperativa Médica
343064;OPERADORA TESTE 725 LTDA;00.000.000/1724-00;MG;Cooperativa Médica
342157;OPERADORA TESTE 726 LTDA;00.000.000/1725-00;RS;Cooperativa Médica
342807;OPERADORA TESTE 727 LTDA;00.000.000/1726-00;RS;Cooperativa Médica
344362;OPERADORA TESTE 728 LTDA;00.000.000/1727-00;RJ;Cooperativa Médica
343731;OPERADORA TESTE 729 LTDA;00.000.000/1728-00;SP;Cooperativa Médica
341941;OPERADORA TESTE 730 LTDA;00.000.000/1729-00;SC;Cooperativa Médica
343129;OPERADORA TESTE 731 LTDA;00.000.000/1730-00;RS;Cooperativa Médica
343331;OPERADORA TESTE 732 LTDA;00.000.000/1731-00;RS;Cooperativa Médica
314251;OPERADORA TESTE 733 LTDA;00.000.000/1732-00;PE;Cooperativa Médica
316873;OPERADORA TESTE 734 LTDA;00.000.000/1733-00;RJ;Cooperativa Médica
317012;OPERADORA TESTE 735 LTDA;00.000.000/1734-00;SP;Cooperativa Médica
313955;OPERADORA TESTE 736 LTDA;00.000.000/1735-00;BA;Cooperativa Médica
318035;OPERADORA TESTE 737 LTDA;00.000.000/1736-00;PR;Cooperativa Médica
314668;OPERADORA TESTE 738 LTDA;00.000.000/1737-00;BA;Cooperativa Médica
315044;OPERADORA TESTE 739 LTDA;00.000.000/1738-00;RS;Cooperativa Médica
314315;OPERADORA TESTE 740 LTDA;00.000.000/1739-00;PR;Cooperativa Médica
315567;OPERADORA TESTE 741 LTDA;00.000.000/1740-00;SC;Cooperativa Médica
317233;OPERADORA TESTE 742 LTDA;00.000.000/1741-00;PR;Cooperativa Médica
392391;OPERADORA TESTE 743 LTDA;00.000.000/1742-00;SP;Cooperativa Médica
402966;OPERADORA TESTE 744 LTDA;00.000.000/1743-00;BA;Cooperativa Médica
408034;OPERADORA TESTE 745 LTDA;00.000.000/1744-00;SC;Cooperativa Médica
409634;OPERADORA TESTE 746 LTDA;00.000.000/1745-00;BA;Cooperativa Médica
410292;OPERADORA TESTE 747 LTDA;00.000.000/1746-00;RS;Cooperativa Médica
406481;OPERADORA TESTE 748 LTDA;00.000.000/1747-00;RS;Cooperativa Médica
406805;OPERADORA TESTE 749 LTDA;00.000.000/1748-00;RS;Cooperativa Médica
407011;OPERADORA TESTE 750 LTDA;00.000.000/1749-00;PR;Cooperativa Médica
408883;OPERADORA TESTE 751 LTDA;00.000.000/1750-00;PE;Cooperativa Médica
397245;OPERADORA TESTE 752 LTDA;00.000.000/1751-00;PR;Cooperativa Médica
408093;OPERADORA TESTE 753 LTDA;00.000.000/1752-00;RS;Cooperativa Médica
406813;OPERADORA TESTE 754 LTDA;00.000.000/1753-00;BA;Cooperativa Médica
407224;OPERADORA TESTE 755 LTDA;00.000.000/1754-00;RJ;Cooperativa Médica
409243;OPERADORA TESTE 756 LTDA;00.000.000/1755-00;PR;Cooperativa Médica
410608;OPERADORA TESTE 757 LTDA;00.000.000/1756-00;MG;Cooperativa Médica
402001;OPERADORA TESTE 758 LTDA;00.000.000/1757-00;BA;Cooperativa Médica
409791;OPERADORA TESTE 759 LTDA;00.000.000/1758-00;RJ;Cooperativa Médica
408263;OPERADORA TESTE 760 LTDA;00.000.000/1759-00;PE;Cooperativa Médica
418439;OPERADORA TESTE 761 LTDA;00.000.000/1760-00;PR;Cooperativa Médica
421600;OPERADORA TESTE 762 LTDA;00.000.000/1761-00;RS;Cooperativa Médica
422401;OPERADORA TESTE 763 LTDA;00.000.000/1762-00;RJ;Cooperativa Médica
422592;OPERADORA TESTE 764 LTDA;00.000.000/1763-00;PR;Cooperativa Médica
420662;OPERADORA TESTE 765 LTDA;00.000.000/1764-00;RJ;Cooperativa Médica
422720;OPERADORA TESTE 766 LTDA;00.000.000/1765-00;PE;Cooperativa Médica
423220;OPERADORA TESTE 767 LTDA;00.000.000/1766-00;MG;Cooperativa Médica
423157;OPERADORA TESTE 768 LTDA;00.000.000/1767-00;RJ;Cooperativa Médica
421740;OPERADORA TESTE 769 LTDA;00.000.000/1768-00;RS;Cooperativa Médica
423548;OPERADORA TESTE 770 LTDA;00.000.000/1769-00;SC;Cooperativa Médica
315583;OPERADORA TESTE 771 LTDA;00.000.000/1770-00;PR;Cooperativa Médica
312363;OPERADORA TESTE 772 LTDA;00.000.000/1771-00;RS;Cooperativa Médica
423581;OPERADORA TESTE 773 LTDA;00.000.000/1772-00;PR;Cooperativa Médica
423742;OPERADORA TESTE 774 LTDA;00.000.000/1773-00;RJ;Cooperativa Médica
423629;OPERADORA TESTE 775 LTDA;00.000.000/1774-00;PR;Cooperativa Médica
423335;OPERADORA TESTE 776 LTDA;00.000.000/1775-00;RS;Cooperativa Médica
420255;OPERADORA TESTE 777 LTDA;00.000.000/1776-00;PR;Cooperativa Médica
417301;OPERADORA TESTE 778 LTDA;00.000.000/1777-00;RJ;Cooperativa Médica
417050;OPERADORA TESTE 779 LTDA;00.000.000/1778-00;BA;Cooperativa Médica
422665;OPERADORA TESTE 780 LTDA;00.000.000/1779-00;RJ;Cooperativa Médica
